{
  "CHEVROLET_VOLT": {
    "optimizer": "adamw",
    "lr": 0.003294684675657443,
    "weight_decay": 0.006465625078828261,
    "amsgrad": false,
    "loss": -1.8724031448364258
  }
}